-- MySQL dump 10.13  Distrib 5.6.24, for Win64 (x86_64)
--
-- Host: 127.0.0.1    Database: likes
-- ------------------------------------------------------
-- Server version	5.5.41-log

/*!40101 SET @OLD_CHARACTER_SET_CLIENT=@@CHARACTER_SET_CLIENT */;
/*!40101 SET @OLD_CHARACTER_SET_RESULTS=@@CHARACTER_SET_RESULTS */;
/*!40101 SET @OLD_COLLATION_CONNECTION=@@COLLATION_CONNECTION */;
/*!40101 SET NAMES utf8 */;
/*!40103 SET @OLD_TIME_ZONE=@@TIME_ZONE */;
/*!40103 SET TIME_ZONE='+00:00' */;
/*!40014 SET @OLD_UNIQUE_CHECKS=@@UNIQUE_CHECKS, UNIQUE_CHECKS=0 */;
/*!40014 SET @OLD_FOREIGN_KEY_CHECKS=@@FOREIGN_KEY_CHECKS, FOREIGN_KEY_CHECKS=0 */;
/*!40101 SET @OLD_SQL_MODE=@@SQL_MODE, SQL_MODE='NO_AUTO_VALUE_ON_ZERO' */;
/*!40111 SET @OLD_SQL_NOTES=@@SQL_NOTES, SQL_NOTES=0 */;

--
-- Table structure for table `likes`
--

DROP TABLE IF EXISTS `likes`;
/*!40101 SET @saved_cs_client     = @@character_set_client */;
/*!40101 SET character_set_client = utf8 */;
CREATE TABLE `likes` (
  `id` int(11) NOT NULL AUTO_INCREMENT,
  `user_id` int(11) NOT NULL,
  `post_id` int(11) NOT NULL,
  `created_at` datetime DEFAULT NULL,
  `updated_at` datetime DEFAULT NULL,
  PRIMARY KEY (`id`),
  KEY `fk_likes_users_idx` (`user_id`),
  KEY `fk_likes_posts1_idx` (`post_id`),
  CONSTRAINT `fk_likes_posts1` FOREIGN KEY (`post_id`) REFERENCES `posts` (`id`) ON DELETE NO ACTION ON UPDATE NO ACTION,
  CONSTRAINT `fk_likes_users` FOREIGN KEY (`user_id`) REFERENCES `users` (`id`) ON DELETE NO ACTION ON UPDATE NO ACTION
) ENGINE=InnoDB AUTO_INCREMENT=67 DEFAULT CHARSET=utf8;
/*!40101 SET character_set_client = @saved_cs_client */;

--
-- Dumping data for table `likes`
--

LOCK TABLES `likes` WRITE;
/*!40000 ALTER TABLE `likes` DISABLE KEYS */;
INSERT INTO `likes` VALUES (2,1,2,'2015-10-01 13:26:41','2015-10-01 13:26:41'),(3,1,2,'2015-10-01 13:26:42','2015-10-01 13:26:42'),(4,1,2,'2015-10-01 13:26:50','2015-10-01 13:26:50'),(5,1,2,'2015-10-01 13:29:22','2015-10-01 13:29:22'),(6,1,2,'2015-10-01 14:05:04','2015-10-01 14:05:04'),(7,1,2,'2015-10-01 14:05:10','2015-10-01 14:05:10'),(10,3,2,'2015-10-01 14:46:32','2015-10-01 14:46:32'),(11,3,2,'2015-10-01 14:46:32','2015-10-01 14:46:32'),(12,3,4,'2015-10-01 14:49:06','2015-10-01 14:49:06'),(13,3,5,'2015-10-01 14:52:03','2015-10-01 14:52:03'),(14,3,5,'2015-10-01 14:52:05','2015-10-01 14:52:05'),(15,3,4,'2015-10-01 14:52:06','2015-10-01 14:52:06'),(16,3,5,'2015-10-01 14:52:09','2015-10-01 14:52:09'),(17,3,5,'2015-10-01 14:52:11','2015-10-01 14:52:11'),(18,3,5,'2015-10-01 14:52:12','2015-10-01 14:52:12'),(19,3,5,'2015-10-01 14:52:13','2015-10-01 14:52:13'),(20,3,5,'2015-10-01 14:52:14','2015-10-01 14:52:14'),(21,3,5,'2015-10-01 14:52:15','2015-10-01 14:52:15'),(22,3,5,'2015-10-01 14:52:16','2015-10-01 14:52:16'),(23,4,6,'2015-10-01 14:59:23','2015-10-01 14:59:23'),(24,4,6,'2015-10-01 14:59:25','2015-10-01 14:59:25'),(25,4,6,'2015-10-01 14:59:27','2015-10-01 14:59:27'),(26,1,5,'2015-10-01 14:59:34','2015-10-01 14:59:34'),(27,1,2,'2015-10-01 14:59:35','2015-10-01 14:59:35'),(28,1,6,'2015-10-01 14:59:37','2015-10-01 14:59:37'),(29,1,6,'2015-10-01 15:04:17','2015-10-01 15:04:17'),(30,1,6,'2015-10-01 15:04:19','2015-10-01 15:04:19'),(31,1,6,'2015-10-01 15:04:20','2015-10-01 15:04:20'),(32,1,6,'2015-10-01 15:04:22','2015-10-01 15:04:22'),(33,1,6,'2015-10-01 15:04:24','2015-10-01 15:04:24'),(34,1,6,'2015-10-01 15:04:25','2015-10-01 15:04:25'),(35,1,6,'2015-10-01 15:04:26','2015-10-01 15:04:26'),(36,1,6,'2015-10-01 15:04:28','2015-10-01 15:04:28'),(37,1,6,'2015-10-01 15:04:29','2015-10-01 15:04:29'),(38,1,6,'2015-10-01 15:04:29','2015-10-01 15:04:29'),(39,2,6,'2015-10-01 15:04:38','2015-10-01 15:04:38'),(40,2,6,'2015-10-01 15:04:39','2015-10-01 15:04:39'),(41,4,6,'2015-10-01 15:05:23','2015-10-01 15:05:23'),(42,4,6,'2015-10-01 15:05:23','2015-10-01 15:05:23'),(43,4,6,'2015-10-01 15:05:24','2015-10-01 15:05:24'),(44,4,6,'2015-10-01 15:08:25','2015-10-01 15:08:25'),(45,5,6,'2015-10-01 15:15:07','2015-10-01 15:15:07'),(46,5,9,'2015-10-01 15:23:25','2015-10-01 15:23:25'),(47,2,9,'2015-10-01 15:23:35','2015-10-01 15:23:35'),(48,2,9,'2015-10-01 15:23:38','2015-10-01 15:23:38'),(49,2,9,'2015-10-01 15:23:42','2015-10-01 15:23:42'),(50,2,9,'2015-10-01 15:23:44','2015-10-01 15:23:44'),(51,2,9,'2015-10-01 15:23:45','2015-10-01 15:23:45'),(52,2,9,'2015-10-01 15:23:47','2015-10-01 15:23:47'),(53,2,9,'2015-10-01 15:23:48','2015-10-01 15:23:48'),(54,2,9,'2015-10-01 15:23:50','2015-10-01 15:23:50'),(55,2,9,'2015-10-01 15:23:52','2015-10-01 15:23:52'),(56,2,9,'2015-10-01 15:23:54','2015-10-01 15:23:54'),(57,2,9,'2015-10-01 15:23:56','2015-10-01 15:23:56'),(58,2,9,'2015-10-01 15:23:58','2015-10-01 15:23:58'),(59,2,9,'2015-10-01 15:23:59','2015-10-01 15:23:59'),(60,2,9,'2015-10-01 15:23:59','2015-10-01 15:23:59'),(61,2,9,'2015-10-01 15:26:07','2015-10-01 15:26:07'),(62,2,6,'2015-10-01 15:26:51','2015-10-01 15:26:51'),(63,2,6,'2015-10-01 15:28:55','2015-10-01 15:28:55'),(64,2,6,'2015-10-01 15:29:29','2015-10-01 15:29:29'),(65,3,6,'2015-10-01 15:30:03','2015-10-01 15:30:03'),(66,1,12,'2015-10-01 15:48:13','2015-10-01 15:48:13');
/*!40000 ALTER TABLE `likes` ENABLE KEYS */;
UNLOCK TABLES;

--
-- Table structure for table `posts`
--

DROP TABLE IF EXISTS `posts`;
/*!40101 SET @saved_cs_client     = @@character_set_client */;
/*!40101 SET character_set_client = utf8 */;
CREATE TABLE `posts` (
  `id` int(11) NOT NULL AUTO_INCREMENT,
  `message` text,
  `created_at` datetime DEFAULT NULL,
  `updated_at` datetime DEFAULT NULL,
  `user_id` int(11) NOT NULL,
  PRIMARY KEY (`id`)
) ENGINE=InnoDB AUTO_INCREMENT=13 DEFAULT CHARSET=utf8;
/*!40101 SET character_set_client = @saved_cs_client */;

--
-- Dumping data for table `posts`
--

LOCK TABLES `posts` WRITE;
/*!40000 ALTER TABLE `posts` DISABLE KEYS */;
INSERT INTO `posts` VALUES (2,'second post','2015-10-01 13:26:39','2015-10-01 13:26:39',1),(4,'YAHHHHHHHHHHHHHHHHH','2015-10-01 14:46:40','2015-10-01 14:46:40',3),(5,'BEST IDEA EVER!!!!!!!!!!!!!!!!!!!','2015-10-01 14:52:01','2015-10-01 14:52:01',3),(6,'BOW to me','2015-10-01 14:59:20','2015-10-01 14:59:20',4),(7,'6-0 baby','2015-10-01 15:05:07','2015-10-01 15:05:07',4),(8,'mj > all','2015-10-01 15:05:15','2015-10-01 15:05:15',4),(9,'DISO 2016','2015-10-01 15:15:15','2015-10-01 15:15:15',5),(10,'freak nigth','2015-10-01 15:22:15','2015-10-01 15:22:15',5),(12,'1111111111111111111111111111111','2015-10-01 15:48:09','2015-10-01 15:48:09',1);
/*!40000 ALTER TABLE `posts` ENABLE KEYS */;
UNLOCK TABLES;

--
-- Table structure for table `users`
--

DROP TABLE IF EXISTS `users`;
/*!40101 SET @saved_cs_client     = @@character_set_client */;
/*!40101 SET character_set_client = utf8 */;
CREATE TABLE `users` (
  `id` int(11) NOT NULL AUTO_INCREMENT,
  `name` varchar(255) DEFAULT NULL,
  `alias` varchar(255) DEFAULT NULL,
  `email` varchar(255) DEFAULT NULL,
  `password` varchar(255) DEFAULT NULL,
  `created_at` datetime DEFAULT NULL,
  `updated_at` datetime DEFAULT NULL,
  PRIMARY KEY (`id`)
) ENGINE=InnoDB AUTO_INCREMENT=7 DEFAULT CHARSET=utf8;
/*!40101 SET character_set_client = @saved_cs_client */;

--
-- Dumping data for table `users`
--

LOCK TABLES `users` WRITE;
/*!40000 ALTER TABLE `users` DISABLE KEYS */;
INSERT INTO `users` VALUES (1,'Cedric','Mango','cedricbjjo@hotmail.com','$2a$12$tt9X0WpHJHvYsviZ0AjFA./ZOZxddqQb50VNovdKrk/th9aybMGuS','2015-10-01 12:49:59','2015-10-01 12:49:59'),(2,'Chain','Chainsmokers','chain@smokers.com','$2a$12$FEyl.HJNo/cVQb1z2MU0eu7GwuhyHh9rUEWcb5vLVVDbOIfwghpTq','2015-10-01 14:34:05','2015-10-01 14:34:05'),(3,'youngho','flash','flash@hotmail.com','$2a$12$hPOJqy4BYuYhrwqG74ajp.d.1SH8nDchHM0dC6UQSzAyYybR0rJmC','2015-10-01 14:44:57','2015-10-01 14:44:57'),(4,'MICHAEL JORDAN','THE GOAT','goat@hotmail.com','$2a$12$AEdrFwn1m8npLRfFpuvbYe9vkdziu7nwBeyOnqgcQzJULn98AnVdW','2015-10-01 14:59:03','2015-10-01 14:59:03'),(5,'Skrillex','EDM goat','edm@hotmail.com','$2a$12$5n4YT4l6eox0K0eiSE4Xd.isqk1raJ2fQKsQQ113QXtMjolkM1fj2','2015-10-01 15:14:58','2015-10-01 15:14:58'),(6,'coding','dojo','coding@hotmail.com','$2a$12$0kjUzVSCSpeNDHG3eUziSOPdfQFBYAWnIHZjYHhMowVJZVteqHm8.','2015-10-01 15:32:46','2015-10-01 15:32:46');
/*!40000 ALTER TABLE `users` ENABLE KEYS */;
UNLOCK TABLES;
/*!40103 SET TIME_ZONE=@OLD_TIME_ZONE */;

/*!40101 SET SQL_MODE=@OLD_SQL_MODE */;
/*!40014 SET FOREIGN_KEY_CHECKS=@OLD_FOREIGN_KEY_CHECKS */;
/*!40014 SET UNIQUE_CHECKS=@OLD_UNIQUE_CHECKS */;
/*!40101 SET CHARACTER_SET_CLIENT=@OLD_CHARACTER_SET_CLIENT */;
/*!40101 SET CHARACTER_SET_RESULTS=@OLD_CHARACTER_SET_RESULTS */;
/*!40101 SET COLLATION_CONNECTION=@OLD_COLLATION_CONNECTION */;
/*!40111 SET SQL_NOTES=@OLD_SQL_NOTES */;

-- Dump completed on 2015-10-01 15:52:23
